{
  "final_balance": 10035.940186505335,
  "final_equity": 10035.940186505335,
  "trade_count": 97,
  "win_rate": 0.422680412371134,
  "avg_pnl": 0.07298732087453585,
  "total_pnl": 82.87932075953029
}