{
  "final_balance": 9972.57471594115,
  "final_equity": 9972.57471594115,
  "trade_count": 50,
  "win_rate": 0.38,
  "avg_pnl": -0.012906204899910118,
  "total_pnl": -7.513627357375151
}