{
  "final_balance": 10144.331885105581,
  "final_equity": 10144.331885105581,
  "trade_count": 94,
  "win_rate": 0.48936170212765956,
  "avg_pnl": 0.19369289903278533,
  "total_pnl": 182.35020261073385
}