{
  "final_balance": 10315.59467421985,
  "final_equity": 10315.59467421985,
  "trade_count": 239,
  "win_rate": 0.4602510460251046,
  "avg_pnl": 0.17162890370196907,
  "total_pnl": 413.9968572252786
}