{
  "final_balance": 10601.20969237179,
  "final_equity": 10601.20969237179,
  "trade_count": 478,
  "win_rate": 0.47489539748953974,
  "avg_pnl": 0.16358652585004257,
  "total_pnl": 805.4623847713809
}