{
    "metrics": {
        "test_accuracy": 0.7514776757297444,
        "test_roc_auc": 0.8350664293646695,
        "confusion_matrix": {
            "tn": 2069,
            "fp": 924,
            "fn": 1809,
            "tp": 6195
        }
    },
    "feature_importance": {
        "f9": 818.4613647460938,
        "f8": 762.9249267578125,
        "f0": 80.97303009033203,
        "f1": 49.93727493286133,
        "f4": 4.265695571899414,
        "f3": 4.233527660369873,
        "f6": 3.3405823707580566,
        "f5": 3.3197824954986572,
        "f2": 3.0549862384796143
    }
}